time,temperature
1880-01-15,-0.2322751085639344
1880-02-15,-0.40081096507275277
1880-03-15,-0.1818604409928908
1880-04-15,-0.20036871937078243
1880-05-15,-0.12666106654583775
1880-06-15,-0.18835427946651606
1880-07-15,-0.16554001601845456
1880-08-15,-0.13448284897963358
1880-09-15,-0.14568456899907678
1880-10-15,-0.25720978129214567
1880-11-15,-0.2727334358148989
1880-12-15,-0.2870665050865623
1881-01-15,-0.20305375333524073
1881-02-15,-0.26707052921301494
1881-03-15,-0.11055474950712704
1881-04-15,-0.023291030177398368
1881-05-15,-0.0528340421121211
1881-06-15,-0.31992830199400046
1881-07-15,-0.06537224078193861
1881-08-15,-0.09712485362818517
1881-09-15,-0.24264483531819173
1881-10-15,-0.2690405549166249
1881-11-15,-0.2244695109547532
1881-12-15,-0.13729229925888667
1882-01-15,0.05005187845260899
1882-02-15,0.1210302343330413
1882-03-15,-0.05552763694981535
1882-04-15,-0.2615985386226485
1882-05-15,-0.16844594798217064
1882-06-15,-0.24970370455857768
1882-07-15,-0.22217770298541195
1882-08-15,-0.11244790961282466
1882-09-15,-0.1869375284473383
1882-10-15,-0.3781248283202544
1882-11-15,-0.34584229862619587
1882-12-15,-0.710201187909085
1883-01-15,-0.3875711424223221
1883-02-15,-0.39067414857112287
1883-03-15,0.015089641096983176
1883-04-15,-0.2003773223701193
1883-05-15,-0.20406550767967432
1883-06-15,-0.09041495744206181
1883-07-15,-0.08983201206421763
1883-08-15,-0.19020106695773614
1883-09-15,-0.2335449591214879
1883-10-15,-0.11880958340104368
1883-11-15,-0.3339513471621095
1883-12-15,-0.19642577516308987
1884-01-15,-0.24084843369013248
1884-02-15,-0.16205740868746324
1884-03-15,-0.4952339118931324
1884-04-15,-0.5273682311698499
1884-05-15,-0.4856168500092225
1884-06-15,-0.4309891537823329
1884-07-15,-0.4118447957046784
1884-08-15,-0.3835402334051139
1884-09-15,-0.3821492688640083
1884-10-15,-0.2857962113567429
1884-11-15,-0.3726387212694638
1884-12-15,-0.4252716062149627
1885-01-15,-0.7659131363375052
1885-02-15,-0.28893545595030545
1885-03-15,-0.2708232002059937
1885-04-15,-0.4838265935205243
1885-05-15,-0.585845581358231
1885-06-15,-0.5472240623176184
1885-07-15,-0.3717825663266208
1885-08-15,-0.3934579677912357
1885-09-15,-0.4395493776506761
1885-10-15,-0.4150620679552794
1885-11-15,-0.4807738707532617
1885-12-15,-0.29112577055150507
1886-01-15,-0.76231663022515594
1886-02-15,-0.6586610022269316
1886-03-15,-0.647539328597952
1886-04-15,-0.41899713931085497
1886-05-15,-0.35679002348728395
1886-06-15,-0.409033052257141
1886-07-15,-0.17090955779533787
1886-08-15,-0.3450350602591182
1886-09-15,-0.2679142003332903
1886-10-15,-0.30505513864392647
1886-11-15,-0.30048054836340043
1886-12-15,-0.3380215599066314
1887-01-15,-0.9053879787670679
1887-02-15,-0.6541083855760338
1887-03-15,-0.5072006770185037
1887-04-15,-0.47368864289232954
1887-05-15,-0.3318971587108262
1887-06-15,-0.2068909230005
1887-07-15,-0.27745835915830175
1887-08-15,-0.4672131605396506
1887-09-15,-0.2702201631882211
1887-10-15,-0.49234135133667534
1887-11-15,-0.4460640848832003
1887-12-15,-0.6076733968220651
1888-01-15,-0.3731527543896133
1888-02-15,-0.5284955125363874
1888-03-15,-0.6670602556927471
1888-04-15,-0.3577548735989022
1888-05-15,-0.3201969625400097
1888-06-15,-0.19931031104808625
1888-07-15,-0.09438782278766852
1888-08-15,-0.17348037988119144
1888-09-15,-0.1893223495168145
1888-10-15,-0.08579421416404553
1888-11-15,-0.02341944845087148
1888-12-15,-0.31389034348896877
1889-01-15,-0.2451723510279864
1889-02-15,0.19755589696850626
1889-03-15,-0.10783092812714343
1889-04-15,0.12020807158985408
1889-05-15,0.009860449349251647
1889-06-15,-0.08763108735117074
1889-07-15,-0.1256707030634245
1889-08-15,-0.26747748680211536
1889-09-15,-0.2579788536659966
1889-10-15,-0.27737294741551105
1889-11-15,-0.4836049084834394
1889-12-15,-0.5042440227962209
1890-01-15,-0.61003484981614
1890-02-15,-0.5627657708690291
1890-03-15,-0.5174415065105118
1890-04-15,-0.39385517387147295
1890-05-15,-0.4593477248077173
1890-06-15,-0.23049576472957475
1890-07-15,-0.2836501255411473
1890-08-15,-0.37478987887936993
1890-09-15,-0.33276239509838157
1890-10-15,-0.14581954947823364
1890-11-15,-0.6199524165183509
1890-12-15,-0.35275958772864247
1891-01-15,-0.3542468175446604
1891-02-15,-0.6126009052439615
1891-03-15,-0.1692020074093468
1891-04-15,-0.3799786905073058
1891-05-15,-0.18907334520357078
1891-06-15,-0.21290555406719278
1891-07-15,-0.25028068429419104
1891-08-15,-0.19606263924690345
1891-09-15,-0.23858418593754172
1891-10-15,-0.31439251633726545
1891-11-15,-0.4838254183884466
1891-12-15,-0.20607304706871057
1892-01-15,-0.5216226173477005
1892-02-15,-0.23695204110514684
1892-03-15,-0.5241422852947991
1892-04-15,-0.4767917388458561
1892-05-15,-0.28126836378664233
1892-06-15,-0.17271419727292087
1892-07-15,-0.39202009089141343
1892-08-15,-0.32109070097574555
1892-09-15,-0.2082234837377124
1892-10-15,-0.12482933573783873
1892-11-15,-0.5978201639276736
1892-12-15,-0.41409234211372015
1893-01-15,-1.0333937720430175
1893-02-15,-0.6724732588216353
1893-03-15,-0.22252380455001478
1893-04-15,-0.26340688844229404
1893-05-15,-0.3416126057129457
1893-06-15,-0.2574321115206398
1893-07-15,-0.13940514832293116
1893-08-15,-0.28265561279386386
1893-09-15,-0.2433209499162351
1893-10-15,-0.15394929609198701
1893-11-15,-0.1995684664796812
1893-12-15,-0.472528514465232
1894-01-15,-0.7538350512049168
1894-02-15,-0.4215166493498828
1894-03-15,-0.22958286736012776
1894-04-15,-0.5176361908799615
1894-05-15,-0.30667288275571636
1894-06-15,-0.4298850478625846
1894-07-15,-0.21982426564357385
1894-08-15,-0.21830727365465952
1894-09-15,-0.33289941589697425
1894-10-15,-0.281011510994817
1894-11-15,-0.39217595158114826
1894-12-15,-0.27024936032361263
1895-01-15,-0.49758280998456744
1895-02-15,-0.5176077080052016
1895-03-15,-0.4301480568578365
1895-04-15,-0.22735018821729625
1895-05-15,-0.325549304556617
1895-06-15,-0.2150432442254543
1895-07-15,-0.1570058961956594
1895-08-15,-0.2415153728228245
1895-09-15,-0.17572582288363295
1895-10-15,-0.14762864875867543
1895-11-15,-0.22115514607045048
1895-12-15,-0.23827800467325183
1896-01-15,-0.43224138348526947
1896-02-15,-0.218642000077339
1896-03-15,-0.4691799151047157
1896-04-15,-0.5994295866017044
1896-05-15,-0.2652109987791002
1896-06-15,-0.05853585773703479
1896-07-15,-0.036670514644267634
1896-08-15,-0.07852374876117298
1896-09-15,-0.07565768583482027
1896-10-15,0.12393712918632899
1896-11-15,-0.1322196483131507
1896-12-15,-0.22110619698883546
1897-01-15,-0.3106405794640994
1897-02-15,-0.4577258342309311
1897-03-15,-0.3136911995324224
1897-04-15,-0.09565206905432336
1897-05-15,0.07374750612735442
1897-06-15,-0.13201702389922224
1897-07-15,-0.04875367658271237
1897-08-15,-0.1446382804856921
1897-09-15,-0.1883895890709033
1897-10-15,-0.19851155862672268
1897-11-15,-0.2509931728858861
1897-12-15,-0.15275733466274818
1898-01-15,-0.14375836999249159
1898-02-15,-0.5536271778632652
1898-03-15,-0.5629396303308909
1898-04-15,-0.2940277712057448
1898-05-15,-0.33597798269032275
1898-06-15,-0.15021901588704897
1898-07-15,-0.21961288260952946
1898-08-15,-0.2514491157527841
1898-09-15,-0.21252844853709943
1898-10-15,-0.41680325598984347
1898-11-15,-0.6005352070097233
1898-12-15,-0.4780825135858675
1899-01-15,-0.2833925827468229
1899-02-15,-0.5423595999530259
1899-03-15,-0.5260171915254276
1899-04-15,-0.2339922550762941
1899-05-15,-0.3115117511558706
1899-06-15,-0.36096022471561523
1899-07-15,-0.21748290529512815
1899-08-15,-0.14676516129312908
1899-09-15,-0.09637148279906216
1899-10-15,-0.06120209923102539
1899-11-15,0.15900907174633622
1899-12-15,-0.3995057744562595
1900-01-15,-0.5888275947806881
1900-02-15,-0.04596825294078342
1900-03-15,0.10864686481721084
1900-04-15,-0.14512749988505866
1900-05-15,-0.10823487302560188
1900-06-15,-0.14664667458258948
1900-07-15,-0.2023111065891054
1900-08-15,-0.146649919755417
1900-09-15,-0.1315557334305335
1900-10-15,0.07504358994653486
1900-11-15,-0.13431904732703034
1900-12-15,-0.2744840569684734
1901-01-15,-0.4328108269033451
1901-02-15,-0.002490430379456792
1901-03-15,0.13713305485049715
1901-04-15,-0.00169479602400303
1901-05-15,-0.2082438051705602
1901-06-15,-0.1246581237148747
1901-07-15,-0.1840703273327568
1901-08-15,-0.2691500668349256
1901-09-15,-0.26083688502767444
1901-10-15,-0.30424544335258796
1901-11-15,-0.2707325062242746
1901-12-15,-0.3532090541083419
1902-01-15,-0.43466624057721515
1902-02-15,-0.032073703697684176
1902-03-15,-0.6165407263900492
1902-04-15,-0.3819780987519307
1902-05-15,-0.4295336121058211
1902-06-15,-0.35855168326730785
1902-07-15,-0.3134133007361894
1902-08-15,-0.3527432981922121
1902-09-15,-0.39160832659162986
1902-10-15,-0.3682014711075697
1902-11-15,-0.5655151000030617
1902-12-15,-0.6383604333150572
1903-01-15,-0.3614085522331732
1903-02-15,0.039884906650895204
1903-03-15,-0.1279173360053864
1903-04-15,-0.4730812370191871
1903-05-15,-0.44879199370238226
1903-06-15,-0.46310869213064915
1903-07-15,-0.37852691492030294
1903-08-15,-0.49984954705403
1903-09-15,-0.55367365250828
1903-10-15,-0.5412758389992193
1903-11-15,-0.36450130106485323
1903-12-15,-0.44430512008707546
1904-01-15,-0.7190487794808174
1904-02-15,-0.6979929716690122
1904-03-15,-0.28425186017093096
1904-04-15,-0.4159820169713759
1904-05-15,-0.5132825326747642
1904-06-15,-0.45034103359083916
1904-07-15,-0.5523575888579967
1904-08-15,-0.46806576745760803
1904-09-15,-0.6030587252015709
1904-10-15,-0.4066083408121916
1904-11-15,-0.11172427211827445
1904-12-15,-0.35618362383258056
1905-01-15,-0.38691386694988705
1905-02-15,-0.5509970931077772
1905-03-15,-0.015638248849786866
1905-04-15,-0.2084846107246211
1905-05-15,-0.25964165762446173
1905-06-15,-0.33993785617401623
1905-07-15,-0.3404569816375051
1905-08-15,-0.20124989592392403
1905-09-15,-0.21881212115623608
1905-10-15,-0.2998518923343353
1905-11-15,-0.050333385507516294
1905-12-15,-0.21133459513381964
1906-01-15,-0.5488223725398377
1906-02-15,-0.40554582906346076
1906-03-15,-0.1654368820515832
1906-04-15,0.014911818973625554
1906-05-15,-0.24681180433531144
1906-06-15,-0.14932568836191543
1906-07-15,-0.2525061524807992
1906-08-15,-0.1090747757622422
1906-09-15,-0.26330101898168967
1906-10-15,-0.1067811134930844
1906-11-15,-0.40927755739185745
1906-12-15,-0.07143989168630756
1907-01-15,-0.6434818261833881
1907-02-15,-0.5628188048694795
1907-03-15,-0.2703087626857881
1907-04-15,-0.31353111841368303
1907-05-15,-0.5016817752485062
1907-06-15,-0.42731948927403685
1907-07-15,-0.4078955156228183
1907-08-15,-0.38215278020841703
1907-09-15,-0.3712640678316567
1907-10-15,-0.14647383462361596
1907-11-15,-0.46428255206830377
1907-12-15,-0.6154702252683205
1908-01-15,-0.6023933387603195
1908-02-15,-0.16813525609512564
1908-03-15,-0.5974096936204271
1908-04-15,-0.4300534132678134
1908-05-15,-0.2991175041233441
1908-06-15,-0.2640634688325935
1908-07-15,-0.2763551193048477
1908-08-15,-0.43284506964012975
1908-09-15,-0.2919599079160792
1908-10-15,-0.36881494739639403
1908-11-15,-0.5783355596646729
1908-12-15,-0.593831338416447
1909-01-15,-1.003304860311797
1909-02-15,-0.4481685659632298
1909-03-15,-0.6000569471709581
1909-04-15,-0.6167431932564296
1909-05-15,-0.5574200664941698
1909-06-15,-0.4926361749988834
1909-07-15,-0.40850823910165074
1909-08-15,-0.27623568725054654
1909-09-15,-0.37929837544003386
1909-10-15,-0.3590914756203855
1909-11-15,-0.3145826701338836
1909-12-15,-0.638886623818719
1910-01-15,-0.5197295942493159
1910-02-15,-0.3345425625911375
1910-03-15,-0.5269921964059943
1910-04-15,-0.4442548875470711
1910-05-15,-0.28146192342523513
1910-06-15,-0.3804056915439917
1910-07-15,-0.3292573369413474
1910-08-15,-0.316265605579134
1910-09-15,-0.370973289227456
1910-10-15,-0.34619607993573015
1910-11-15,-0.5306930419553575
1910-12-15,-0.8049728375992027
1911-01-15,-0.8483918873202433
1911-02-15,-0.562834650873964
1911-03-15,-0.6643050801169541
1911-04-15,-0.4808124701806813
1911-05-15,-0.4729768055023329
1911-06-15,-0.4163150442910292
1911-07-15,-0.337826486441812
1911-08-15,-0.38803854097513396
1911-09-15,-0.41963507334028566
1911-10-15,-0.13361745569927141
1911-11-15,-0.1864955808204613
1911-12-15,-0.22868233496509593
1912-01-15,-0.25212427953423616
1912-02-15,-0.25261654929822114
1912-03-15,-0.5248050851557661
1912-04-15,-0.10155140671720168
1912-05-15,-0.20415311875192646
1912-06-15,-0.16782976694439827
1912-07-15,-0.5650653289458286
1912-08-15,-0.6760292929375261
1912-09-15,-0.6941194813405661
1912-10-15,-0.7304695078567683
1912-11-15,-0.34515490639609714
1912-12-15,-0.4644399492556885
1913-01-15,-0.6100678062221857
1913-02-15,-0.4683668731394786
1913-03-15,-0.3418741900478615
1913-04-15,-0.38655457485165373
1913-05-15,-0.43148455825680293
1913-06-15,-0.4690952794262976
1913-07-15,-0.44599058195606883
1913-08-15,-0.3812048296823611
1913-09-15,-0.36008439012154486
1913-10-15,-0.3822913132806138
1913-11-15,-0.2736522701785284
1913-12-15,0.09346390259123975
1914-01-15,-0.1151404554416774
1914-02-15,-0.13752997656243876
1914-03-15,-0.3978344821980112
1914-04-15,-0.3545281648382054
1914-05-15,-0.2357974416689196
1914-06-15,-0.2572621301720733
1914-07-15,-0.3150082031396418
1914-08-15,-0.14739266358110475
1914-09-15,-0.22350714122693685
1914-10-15,0.013607793536194086
1914-11-15,-0.24105929675554424
1914-12-15,0.11466521584032226
1915-01-15,-0.39966299808116934
1915-02-15,-0.14320731662736727
1915-03-15,-0.13508327379126467
1915-04-15,0.14677482763353009
1915-05-15,-0.00145006521668653
1915-06-15,-0.2223668038703504
1915-07-15,-0.14757707889638386
1915-08-15,-0.3152095503379878
1915-09-15,-0.24176941264362525
1915-10-15,-0.3176577284227004
1915-11-15,-0.19796165441715266
1915-12-15,-0.4999683383693788
1916-01-15,-0.17432122705942676
1916-02-15,-0.0935181695095561
1916-03-15,-0.28744452131124604
1916-04-15,-0.3299455708564341
1916-05-15,-0.36325434834654496
1916-06-15,-0.48949855528376335
1916-07-15,-0.38624355510527636
1916-08-15,-0.26582702361456895
1916-09-15,-0.3854226863096642
1916-10-15,-0.21752090828008172
1916-11-15,-0.4346965808374181
1916-12-15,-1.1491173944664352
1917-01-15,-0.5756576324973125
1917-02-15,-0.5790521590062833
1917-03-15,-0.6439472549098584
1917-04-15,-0.5741959823113504
1917-05-15,-0.5285091713114669
1917-06-15,-0.40397005456603624
1917-07-15,-0.20681732558804528
1917-08-15,-0.24124676007466356
1917-09-15,-0.28636720259078413
1917-10-15,-0.5211709117300969
1917-11-15,-0.4059313132863404
1917-12-15,-0.9530431531037887
1918-01-15,-0.7203597948454942
1918-02-15,-0.397456455496103
1918-03-15,-0.24264714217677583
1918-04-15,-0.4465445324330593
1918-05-15,-0.5055195942781386
1918-06-15,-0.4019639297734691
1918-07-15,-0.34081898487271517
1918-08-15,-0.398428147729452
1918-09-15,-0.16907752167109688
1918-10-15,-0.06431056050178822
1918-11-15,-0.20640445448526043
1918-12-15,-0.4558462872597034
1919-01-15,-0.3588733497542963
1919-02-15,-0.5592775483282502
1919-03-15,-0.41830424323722476
1919-04-15,-0.2620649964258433
1919-05-15,-0.26133738251713895
1919-06-15,-0.3884357672133468
1919-07-15,-0.2836900046016635
1919-08-15,-0.21900234804609242
1919-09-15,-0.1795336910409741
1919-10-15,-0.09495517950991846
1919-11-15,-0.5070630573829187
1919-12-15,-0.43470326820812355
1920-01-15,-0.29057903762269927
1920-02-15,-0.12041016833934795
1920-03-15,0.01970204376268748
1920-04-15,-0.16201413871446815
1920-05-15,-0.22675641899683976
1920-06-15,-0.32193337272502953
1920-07-15,-0.3033807149811371
1920-08-15,-0.24532626902633436
1920-09-15,-0.28249959942606123
1920-10-15,-0.40196629195579187
1920-11-15,-0.2974146351211529
1920-12-15,-0.5744632639959034
1921-01-15,-0.06119984665639293
1921-02-15,-0.14988364775327725
1921-03-15,-0.23139044531898809
1921-04-15,-0.2504797465923355
1921-05-15,-0.3279210956960529
1921-06-15,-0.17610754949320878
1921-07-15,-0.12415338909689576
1921-08-15,-0.3050486805696495
1921-09-15,-0.21939232501887368
1921-10-15,0.00924260149560587
1921-11-15,0.026569540975666044
1921-12-15,-0.2641730103347865
1922-01-15,-0.26235106280357284
1922-02-15,-0.680368413727731
1922-03-15,-0.15534736968217863
1922-04-15,-0.2383947672957251
1922-05-15,-0.3661358518299799
1922-06-15,-0.24333847034004175
1922-07-15,-0.2628172569560585
1922-08-15,-0.35252650490893994
1922-09-15,-0.41166118786069616
1922-10-15,-0.36053981564050347
1922-11-15,-0.08693891630357756
1922-12-15,-0.0969148914508046
1923-01-15,-0.37631430756934914
1923-02-15,-0.2481964951253234
1923-03-15,-0.3785874388588022
1923-04-15,-0.3839430221815923
1923-05-15,-0.35620310625163265
1923-06-15,-0.2422330117805194
1923-07-15,-0.27438887845552096
1923-08-15,-0.2484186316596074
1923-09-15,-0.2810671935921978
1923-10-15,0.048126168606142876
1923-11-15,0.10707126448679563
1923-12-15,-0.049159475018303325
1924-01-15,-0.2949788069660318
1924-02-15,-0.26163639854560433
1924-03-15,0.08277301259031221
1924-04-15,-0.4332354620145458
1924-05-15,-0.09235217318086605
1924-06-15,-0.2512220878571318
1924-07-15,-0.27969249258360834
1924-08-15,-0.29357900655479974
1924-09-15,-0.26821394384821123
1924-10-15,-0.2704588819735668
1924-11-15,0.08695456116321022
1924-12-15,-0.29005847754900776
1925-01-15,-0.3077812974355219
1925-02-15,-0.4093043841567732
1925-03-15,-0.2987048622372836
1925-04-15,-0.22041955438504093
1925-05-15,-0.29090110749144416
1925-06-15,-0.3302284014475517
1925-07-15,-0.29387445230585285
1925-08-15,-0.21967583464210116
1925-09-15,-0.2016932862266279
1925-10-15,-0.11339628253573045
1925-11-15,0.11557404711866189
1925-12-15,0.1241699849621688
1926-01-15,0.3916626382158113
1926-02-15,-0.05979299940812393
1926-03-15,0.36119840995509156
1926-04-15,-0.06793635117485357
1926-05-15,-0.2845565034823357
1926-06-15,-0.3120284900380296
1926-07-15,-0.26813605894677695
1926-08-15,-0.07830672484611248
1926-09-15,-0.1142174360544395
1926-10-15,-0.035886914578303925
1926-11-15,0.09771366476619617
1926-12-15,-0.33637825901519386
1927-01-15,-0.33444861879472026
1927-02-15,-0.06247415640830854
1927-03-15,-0.5126609423414328
1927-04-15,-0.33022076306278425
1927-05-15,-0.1517846260119664
1927-06-15,-0.19770562992359472
1927-07-15,-0.169803085007694
1927-08-15,-0.24974622265758203
1927-09-15,-0.09228023690083317
1927-10-15,0.050853950620092854
1927-11-15,-0.045076957767298705
1927-12-15,-0.3743229282567264
1928-01-15,0.11344723515806962
1928-02-15,0.11915526206005117
1928-03-15,-0.20682870080395185
1928-04-15,-0.2877115782029985
1928-05-15,-0.3353698991736002
1928-06-15,-0.3833900036854674
1928-07-15,-0.1977919030934572
1928-08-15,-0.18102815625078097
1928-09-15,-0.1832389408228319
1928-10-15,-0.14873719804065216
1928-11-15,0.04654833615987296
1928-12-15,0.055037546662535256
1929-01-15,-0.31335411895420384
1929-02-15,-0.3541305237150974
1929-03-15,-0.3503132362175079
1929-04-15,-0.4734630565338862
1929-05-15,-0.4095779891784254
1929-06-15,-0.470576618420306
1929-07-15,-0.4164340037739291
1929-08-15,-0.35481973522249505
1929-09-15,-0.23214274112617814
1929-10-15,-0.024498137832814893
1929-11-15,-0.0431508111004694
1929-12-15,-0.4984743311148844
1930-01-15,0.024058876137441728
1930-02-15,-0.3728481023475401
1930-03-15,-0.04038928082406211
1930-04-15,-0.21635708443636031
1930-05-15,-0.21215916375798685
1930-06-15,-0.19006879257168946
1930-07-15,-0.2198984644333978
1930-08-15,-0.10193097363272138
1930-09-15,-0.1341142738682151
1930-10-15,-0.24577097122353303
1930-11-15,0.5752132192154228
1930-12-15,0.02347734786140337
1931-01-15,-0.40741229968053383
1931-02-15,0.02223605492958737
1931-03-15,-0.26795796890843027
1931-04-15,-0.4184441187609239
1931-05-15,-0.10270361112567439
1931-06-15,-0.008252441045199985
1931-07-15,0.053039870758587536
1931-08-15,-0.011161007417563805
1931-09-15,0.10300680639518038
1931-10-15,0.5026784164049908
1931-11-15,0.5765595900036106
1931-12-15,0.23895071468219178
1932-01-15,0.17510422945502324
1932-02-15,0.13031229926074744
1932-03-15,0.0727350290534188
1932-04-15,0.08997729329181649
1932-05-15,0.03556145813678792
1932-06-15,-0.2772737731876198
1932-07-15,-0.20099897688101304
1932-08-15,0.003331142678372668
1932-09-15,0.25233708617414774
1932-10-15,0.15320450543229508
1932-11-15,-0.5227761033599371
1932-12-15,-0.1766676275729885
1933-01-15,0.4216912036658934
1933-02-15,0.135470912073628
1933-03-15,-0.2724130343279368
1933-04-15,-0.11221465309228935
1933-05-15,-0.33492829764712145
1933-06-15,-0.40032331835768215
1933-07-15,-0.1955653332306367
1933-08-15,-0.20896604133143548
1933-09-15,-0.3978980802782592
1933-10-15,-0.2820566430404888
1933-11-15,-0.5940345877880632
1933-12-15,-0.7328475123843254
1934-01-15,0.11506118997123019
1934-02-15,0.5330201034328155
1934-03-15,0.013418291610237625
1934-04-15,-0.39334230926741326
1934-05-15,0.040329771842125196
1934-06-15,-0.0909561675026286
1934-07-15,-0.11190687272604181
1934-08-15,-0.09799868355722223
1934-09-15,-0.13984212657556946
1934-10-15,0.10587220309500914
1934-11-15,0.26462855228921023
1934-12-15,0.14539478387850777
1935-01-15,-0.43577946935586925
1935-02-15,0.34826731160443347
1935-03-15,-0.0604588981808281
1935-04-15,-0.36437723736451594
1935-05-15,-0.27505714319723623
1935-06-15,-0.20352001378838142
1935-07-15,-0.20362252676352074
1935-08-15,-0.2016323336864855
1935-09-15,-0.20622601643009317
1935-10-15,0.019721598816785927
1935-11-15,-0.22696040164403236
1935-12-15,-0.05243311303074987
1936-01-15,-0.32764259249649114
1936-02-15,-0.44425412552003873
1936-03-15,-0.2427444085004514
1936-04-15,-0.02069229631717618
1936-05-15,-0.1353652561327133
1936-06-15,-0.07448430326788148
1936-07-15,-0.007168205788436403
1936-08-15,-0.08559042284241508
1936-09-15,0.1545353397333385
1936-10-15,0.1996949256703501
1936-11-15,0.4175667497502687
1936-12-15,0.30104874200530485
1937-01-15,0.8122016601277724
1937-02-15,0.135446425543965
1937-03-15,-0.2276365761566457
1937-04-15,0.03500744655421309
1937-05-15,0.1868702467191817
1937-06-15,0.07336152514402
1937-07-15,0.009823999780416495
1937-08-15,-0.01686592181847744
1937-09-15,0.0751182353807906
1937-10-15,0.23101902851128558
1937-11-15,0.29321871150708173
1937-12-15,0.17668355134901978
1938-01-15,0.6182379594235476
1938-02-15,0.6208323227165755
1938-03-15,0.5519656190450986
1938-04-15,0.275748539316886
1938-05-15,-0.015389302781918471
1938-06-15,-0.039730256560614435
1938-07-15,-0.06392812834486378
1938-08-15,0.006274810134119522
1938-09-15,0.16992975915172992
1938-10-15,0.628251631897496
1938-11-15,0.5430976751738725
1938-12-15,0.35052870618214205
1939-01-15,-0.04289787985469768
1939-02-15,0.10378655561044836
1939-03-15,-0.17372791504150364
1939-04-15,-0.04894994218438605
1939-05-15,-0.017342361320593865
1939-06-15,-0.03886069456984005
1939-07-15,-2.2542175179677849e-4
1939-08-15,-0.06909727642388355
1939-09-15,-0.050749248883958084
1939-10-15,0.06086686038055838
1939-11-15,0.2736813245896836
1939-12-15,0.5834155206593863
1940-01-15,0.3964099740747
1940-02-15,0.05473077341465864
1940-03-15,-0.11718386902945917
1940-04-15,0.16566070805105815
1940-05-15,0.18495200159665956
1940-06-15,0.233718286313172
1940-07-15,0.12473175062871895
1940-08-15,0.10759976413760024
1940-09-15,0.4217284669104052
1940-10-15,0.2995157920179978
1940-11-15,0.2552129775194694
1940-12-15,0.4971557597873265
1941-01-15,-0.1519894732808137
1941-02-15,0.3792295711664657
1941-03-15,0.09350221450284284
1941-04-15,-0.047356443007855756
1941-05-15,0.2653115986543508
1941-06-15,0.12034617061351514
1941-07-15,0.24353675712554979
1941-08-15,0.12635945762041448
1941-09-15,-0.11352510894727369
1941-10-15,0.4268647565407003
1941-11-15,0.032140148034710686
1941-12-15,0.1982318439926615
1942-01-15,0.9990021113832223
1942-02-15,0.19801644895607146
1942-03-15,-0.2561497795917033
1942-04-15,0.0015891362572044733
1942-05-15,0.3230244983688336
1942-06-15,0.12461287945281126
1942-07-15,0.026796101786168067
1942-08-15,0.0020002918621716916
1942-09-15,0.1434264985868071
1942-10-15,0.3141505636542192
1942-11-15,0.24663066718546334
1942-12-15,0.6627379770847998
1943-01-15,0.0703086755266294
1943-02-15,0.5780171435983804
1943-03-15,0.22787639386482558
1943-04-15,0.5599000016676449
1943-05-15,0.30569913356823786
1943-06-15,0.14322013985202794
1943-07-15,0.11246220678859932
1943-08-15,0.07581139061822492
1943-09-15,0.1240957131660362
1943-10-15,0.4477292274114281
1943-11-15,0.4580175363224608
1943-12-15,0.30601311491777894
1944-01-15,0.5779722509493792
1944-02-15,0.4190822340377918
1944-03-15,0.3538539205304385
1944-04-15,0.28025047686360793
1944-05-15,0.20808947812040132
1944-06-15,0.09173912838425326
1944-07-15,0.09170413635433783
1944-08-15,0.12583919547368844
1944-09-15,0.28388538794739476
1944-10-15,0.3819544288332138
1944-11-15,0.23236634279855922
1944-12-15,0.3073659799370227
1945-01-15,0.25770852946153205
1945-02-15,0.17011721825597365
1945-03-15,0.08594363095491389
1945-04-15,0.25692856037628026
1945-05-15,0.0581588842422163
1945-06-15,-0.039114460151403546
1945-07-15,-0.02164659198452504
1945-08-15,0.23853852095182027
1945-09-15,0.1383973885444752
1945-10-15,0.3051380723450206
1945-11-15,0.01940408830051709
1945-12-15,0.013420333320969756
1946-01-15,0.2483516039289231
1946-02-15,-0.32149957276351837
1946-03-15,0.13718438813447456
1946-04-15,0.06800337305818387
1946-05-15,-0.012442677367941125
1946-06-15,-0.10439132379563502
1946-07-15,-0.09428231865277563
1946-08-15,-0.26122516211608554
1946-09-15,-0.09907800169649364
1946-10-15,-0.0932756352268304
1946-11-15,0.03638884795163214
1946-12-15,-0.2027706915433448
1947-01-15,0.3717562817744671
1947-02-15,0.12215640859929705
1947-03-15,0.24643115897103002
1947-04-15,0.07594180319433112
1947-05-15,0.07587158397281471
1947-06-15,0.0028667476649840563
1947-07-15,-0.042669783218917894
1947-08-15,-0.06248285182699336
1947-09-15,-0.07806948794013578
1947-10-15,0.6256383762880404
1947-11-15,0.4534300461664776
1947-12-15,-0.023946878044356072
1948-01-15,0.045471138598835704
1948-02-15,-0.32469861141131945
1948-03-15,-0.16843409285626015
1948-04-15,-0.24477719441634893
1948-05-15,0.09798043305488045
1948-06-15,0.024828570873609606
1948-07-15,-0.11457934940389192
1948-08-15,-0.131469355388756
1948-09-15,-0.04393306248484036
1948-10-15,0.29604364761823676
1948-11-15,-0.009847916746870505
1948-12-15,-0.8286316959482752
1949-01-15,-0.14838759358250353
1949-02-15,-0.07928008193914841
1949-03-15,0.4303517421185845
1949-04-15,-0.2344914604097159
1949-05-15,-0.18019083025164914
1949-06-15,-0.3779309027240921
1949-07-15,-0.22116825633267131
1949-08-15,-0.15277721287161994
1949-09-15,-0.1421865920737638
1949-10-15,-0.06779433960921706
1949-11-15,-0.006331817712265184
1949-12-15,0.13436179812785565
1950-01-15,-0.10336222461004065
1950-02-15,-0.2660533181529678
1950-03-15,0.15544502633282517
1950-04-15,-0.12176343063496974
1950-05-15,-0.13540192397261683
1950-06-15,-0.0597987942709025
1950-07-15,-0.0231565075997572
1950-08-15,-0.1923979949850287
1950-09-15,-0.07537502517962542
1950-10-15,-0.1972881554642005
1950-11-15,-0.18507467606050004
1950-12-15,-0.24911628341384445
1951-01-15,-0.6593163860467852
1951-02-15,-0.45810317535616374
1951-03-15,-0.06813530972064508
1951-04-15,0.03713719407986962
1951-05-15,0.12240994820996505
1951-06-15,-0.03076211913458507
1951-07-15,-0.15709645038932984
1951-08-15,0.04098427066602394
1951-09-15,0.11913378256726304
1951-10-15,0.19000783609511782
1951-11-15,-0.04485730452721662
1951-12-15,0.11062123859442889
1952-01-15,0.04317947191172872
1952-02-15,0.27354376786559
1952-03-15,-0.1495601899479159
1952-04-15,0.06406756804181095
1952-05-15,0.1711979758276917
1952-06-15,0.010739332854256241
1952-07-15,0.0685341393578967
1952-08-15,0.06465383636142841
1952-09-15,0.15255292582451505
1952-10-15,0.00616644904297237
1952-11-15,0.0811359507224661
1952-12-15,0.19886750004329526
1953-01-15,0.13032602254667516
1953-02-15,0.31574007272430943
1953-03-15,0.012849639043273497
1953-04-15,0.621024593670991
1953-05-15,0.24688092478070392
1953-06-15,0.25263319621767544
1953-07-15,0.09827312492145747
1953-08-15,0.0765521215617329
1953-09-15,0.10810904630747235
1953-10-15,0.23362403421553232
1953-11-15,0.40212718875432235
1953-12-15,0.24392530873096818
1954-01-15,-0.24031753352523125
1954-02-15,-0.026682762368111915
1954-03-15,-0.25721256433460543
1954-04-15,-0.01975334404008371
1954-05-15,0.015618512974882167
1954-06-15,-0.08469845335125196
1954-07-15,-0.1007197993782092
1954-08-15,-0.1114988248832601
1954-09-15,-0.007852616414013944
1954-10-15,0.2605766297562093
1954-11-15,0.4235517710432218
1954-12-15,0.182580322167158
1955-01-15,0.4208843775991372
1955-02-15,-0.25561584503890655
1955-03-15,-0.2748761506333935
1955-04-15,-0.05161714248586711
1955-05-15,-0.30302534805667497
1955-06-15,-0.029077306083238642
1955-07-15,-0.10637261484793288
1955-08-15,0.25700836829588974
1955-09-15,-0.01710919984129322
1955-10-15,0.32708792782112733
1955-11-15,-0.3956504657517209
1955-12-15,-0.41203535833536814
1956-01-15,0.03483287965620705
1956-02-15,0.19605170582528225
1956-03-15,-0.10333959248422273
1956-04-15,-0.1629792984667214
1956-05-15,-0.4619353660906626
1956-06-15,-0.04497926043429263
1956-07-15,0.09388475999747668
1956-08-15,-0.2922535430268732
1956-09-15,-0.14935903150688462
1956-10-15,-0.40345911895556885
1956-11-15,0.11806168917146037
1956-12-15,0.37757647947642137
1957-01-15,0.022284462235028817
1957-02-15,0.21567689721803224
1957-03-15,0.1130763498682189
1957-04-15,0.01681364921853753
1957-05-15,0.176452650511114
1957-06-15,0.3332157859466332
1957-07-15,-0.002814173557723586
1957-08-15,0.33381957984607524
1957-09-15,0.035010293059869586
1957-10-15,0.12162310251512164
1957-11-15,0.029417850252457325
1957-12-15,-0.08390269478176797
1958-01-15,0.7905059586731691
1958-02-15,0.4202896124883371
1958-03-15,0.13043319220805152
1958-04-15,-0.3948558230090956
1958-05-15,0.08461155499128728
1958-06-15,-0.3923066305194221
1958-07-15,0.19445596067543183
1958-08-15,-0.23822697165218906
1958-09-15,0.014298146437235948
1958-10-15,0.11018529865147736
1958-11-15,-0.12064927484127812
1958-12-15,-0.32225858016682396
1959-01-15,-0.08069996716922163
1959-02-15,0.16117468588643483
1959-03-15,0.19348019094201843
1959-04-15,0.36883750336215304
1959-05-15,0.12453174177058537
1959-06-15,-0.031454454496739594
1959-07-15,0.014323415589220552
1959-08-15,-0.05647641471372702
1959-09-15,-0.3295664576077281
1959-10-15,-0.11178462056059466
1959-11-15,0.10722990414528072
1959-12-15,0.03546453777394351
1960-01-15,0.012956586073189644
1960-02-15,-0.05485509362651622
1960-03-15,-0.7206852709210275
1960-04-15,-0.28785205175232514
1960-05-15,0.13511450079674941
1960-06-15,-0.04197009089609738
1960-07-15,0.04849433478062583
1960-08-15,-0.0669462256828987
1960-09-15,0.18225415817609938
1960-10-15,0.0458301629509262
1960-11-15,-0.2835235421302355
1960-12-15,0.24176375065130742
1961-01-15,-0.10664705279678147
1961-02-15,0.0755014504535468
1961-03-15,-0.11918494450278877
1961-04-15,0.11948870051708686
1961-05-15,0.0012527866948120183
1961-06-15,0.32486380113979524
1961-07-15,0.05762624249304762
1961-08-15,0.07734068225560302
1961-09-15,0.24700392191497741
1961-10-15,0.16099170618152123
1961-11-15,0.14044662677808714
1961-12-15,-0.4107580933893116
1962-01-15,-0.086461364942709
1962-02-15,0.04404451215308639
1962-03-15,0.2803046221005056
1962-04-15,0.02016742346158996
1962-05-15,-0.2840087327280648
1962-06-15,0.29042405478256833
1962-07-15,-0.004850643561120974
1962-08-15,-0.09666499533561329
1962-09-15,-0.052679151916991705
1962-10-15,-0.1187197768779106
1962-11-15,0.2602040119573144
1962-12-15,-0.23576685058998934
1963-01-15,-0.07854885505078983
1963-02-15,0.05169622327754632
1963-03-15,-0.49330508943745033
1963-04-15,-0.26393075523278664
1963-05-15,-0.15036245017073577
1963-06-15,0.18477056401659425
1963-07-15,0.007820783894886935
1963-08-15,0.6012572327118225
1963-09-15,0.316988328015501
1963-10-15,0.04036219596835384
1963-11-15,-0.05292637230647643
1963-12-15,-0.16049366258258269
1964-01-15,-0.38923018885994537
1964-02-15,-0.0580973848473779
1964-03-15,-0.3248389417346469
1964-04-15,-0.7748312206820392
1964-05-15,-0.6980505169710481
1964-06-15,0.255472594053908
1964-07-15,0.18995581954708826
1964-08-15,-0.16508441472637375
1964-09-15,-0.5470254976588874
1964-10-15,-0.416542600252542
1964-11-15,-0.29780801626610803
1964-12-15,-0.1250055858795288
1965-01-15,-0.09553207099763258
1965-02-15,-0.06341716474453776
1965-03-15,0.037218067511434576
1965-04-15,-0.08990026435989663
1965-05-15,-0.11337193207084441
1965-06-15,0.005430290875707379
1965-07-15,-0.2865238149665108
1965-08-15,0.09723506106256237
1965-09-15,-0.4211989431386215
1965-10-15,-0.1838083619535291
1965-11-15,0.11863024526169991
1965-12-15,-0.22042411330463232
1966-01-15,-0.6751689352466986
1966-02-15,-0.17223443970213564
1966-03-15,-0.029855403151501963
1966-04-15,-0.26435468304200155
1966-05-15,-0.3202916698287854
1966-06-15,-0.12397592326974856
1966-07-15,0.21898196027950098
1966-08-15,-0.2377931024386869
1966-09-15,0.056568791204886386
1966-10-15,-0.5598641026764876
1966-11-15,-0.0017102640375075465
1966-12-15,0.40315409504940214
1967-01-15,-0.05806651260562378
1967-02-15,-0.39409297993870757
1967-03-15,0.23430265805156356
1967-04-15,0.012874651522814131
1967-05-15,0.2983539844071238
1967-06-15,-0.1708618191008389
1967-07-15,0.2721440068620911
1967-08-15,0.016857284865844088
1967-09-15,0.07963904815447126
1967-10-15,0.049671791837986055
1967-11-15,0.04489785649520903
1967-12-15,0.19400471440201503
1968-01-15,-0.3101536961973665
1968-02-15,-0.019693505090310835
1968-03-15,0.40287584837622537
1968-04-15,0.08627174056626
1968-05-15,-0.13349207033799323
1968-06-15,-0.12878202851691828
1968-07-15,-0.3579651227585071
1968-08-15,-0.22153264581624552
1968-09-15,-0.5143158042263576
1968-10-15,0.23988530287226634
1968-11-15,-0.43503611384369856
1968-12-15,-0.5063296767651647
1969-01-15,-0.06944261936813127
1969-02-15,-0.34990915611638596
1969-03-15,-0.41674426773454054
1969-04-15,0.012994119177215836
1969-05-15,0.15084034837480167
1969-06-15,-0.1482017045974256
1969-07-15,-0.35649511459299377
1969-08-15,0.010996698190633961
1969-09-15,0.1691933133431022
1969-10-15,0.15896435127551076
1969-11-15,0.01078537594228631
1969-12-15,0.4478244032524827
1970-01-15,-0.018382215169174036
1970-02-15,0.10147645771067877
1970-03-15,0.291174563126941
1970-04-15,-0.30159927056232566
1970-05-15,-0.23059727934998422
1970-06-15,-0.18431700056038108
1970-07-15,0.08016007824830258
1970-08-15,-0.29251737523435467
1970-09-15,0.3742650201558059
1970-10-15,0.19514697150775856
1970-11-15,-0.07476008352066316
1970-12-15,-0.14806044379937097
1971-01-15,-0.10726078908082781
1971-02-15,0.16416402045550044
1971-03-15,-0.10576571298756555
1971-04-15,0.21641108205165496
1971-05-15,0.10226819312788644
1971-06-15,-0.28610225994712757
1971-07-15,-0.1195657044614156
1971-08-15,0.09833385330679793
1971-09-15,-0.056695923497637586
1971-10-15,0.07618008357439317
1971-11-15,-0.17737491036024178
1971-12-15,-0.02690907901597401
1972-01-15,0.0026673684918133837
1972-02-15,-0.1509570533656393
1972-03-15,0.12879000395743861
1972-04-15,-0.16635435100994792
1972-05-15,-0.22763950662087887
1972-06-15,-7.176286891079475e-4
1972-07-15,-0.0999412183764448
1972-08-15,0.4999404911114239
1972-09-15,0.026966411228310224
1972-10-15,0.19014911855685346
1972-11-15,-0.04640067808001172
1972-12-15,-0.0963341219571404
1973-01-15,0.31397084569538286
1973-02-15,-0.030342550393041737
1973-03-15,0.08831880250910892
1973-04-15,0.33672134485345545
1973-05-15,0.3260805673523807
1973-06-15,0.1357070392202324
1973-07-15,0.11974024076693995
1973-08-15,-0.024754602601344943
1973-09-15,0.12238610348142193
1973-10-15,0.08578834588668377
1973-11-15,0.18299314185708995
1973-12-15,-0.26586236557919757
1974-01-15,0.16660672948951577
1974-02-15,-0.35452875203582407
1974-03-15,0.03979213254348662
1974-04-15,-0.20186076524665292
1974-05-15,-0.02135602700547883
1974-06-15,0.007183098430994542
1974-07-15,-0.033972894208647623
1974-08-15,0.44786085846184776
1974-09-15,-0.02889818712150532
1974-10-15,0.054346922152560005
1974-11-15,-0.0805942257028231
1974-12-15,0.18273298477197744
1975-01-15,-0.001402118009163098
1975-02-15,0.30441177618014337
1975-03-15,0.255961712009218
1975-04-15,0.0991340325223999
1975-05-15,0.46158794570469414
1975-06-15,-0.17246364669115885
1975-07-15,-0.08018759200456607
1975-08-15,-0.37513182602361755
1975-09-15,-0.08179032277392423
1975-10-15,-0.0750877176199043
1975-11-15,-0.21839626288726505
1975-12-15,-0.0487105022208395
1976-01-15,0.11236440374040575
1976-02-15,0.11445404007428028
1976-03-15,0.061003415846781144
1976-04-15,-0.11920582294082
1976-05-15,-0.42361144756766067
1976-06-15,-0.20510449351275603
1976-07-15,-0.13672230252041243
1976-08-15,-0.39086844032733775
1976-09-15,-0.060398212037010325
1976-10-15,-0.45184539205531665
1976-11-15,-0.1497558346292816
1976-12-15,0.14503683032041664
1977-01-15,0.8006119474912196
1977-02-15,-0.04076296895529476
1977-03-15,-0.0889891250690306
1977-04-15,0.16020351916766293
1977-05-15,0.6434844189918464
1977-06-15,0.40466466124014805
1977-07-15,0.41504687744465957
1977-08-15,0.29785047233569817
1977-09-15,-0.3343327829042256
1977-10-15,-0.33651151841173127
1977-11-15,-0.06782132196745348
1977-12-15,-0.14213571913541762
1978-01-15,-0.17090891730296578
1978-02-15,0.14916931180259166
1978-03-15,0.14549176437770425
1978-04-15,0.4464946685537067
1978-05-15,0.17445952287512095
1978-06-15,-0.1964765663952037
1978-07-15,0.03502938523678962
1978-08-15,-0.4018423105121439
1978-09-15,0.04528007417588136
1978-10-15,-0.038363191324926244
1978-11-15,0.07505916065873972
1978-12-15,-0.030557011930960335
1979-01-15,-0.04406586466903854
1979-02-15,-0.8092047038762077
1979-03-15,0.15756632142375349
1979-04-15,0.24522934660682777
1979-05-15,-0.318779569462517
1979-06-15,-0.013780495105970837
1979-07-15,-0.31873326785387296
1979-08-15,-0.01809255391960267
1979-09-15,0.4318518886057215
1979-10-15,0.12942557966787452
1979-11-15,0.34842170385055765
1979-12-15,0.3862073830519472
1980-01-15,0.3041119274614243
1980-02-15,0.6546734864542011
1980-03-15,0.4790934965918295
1980-04-15,0.308627614935207
1980-05-15,0.457419043325078
1980-06-15,0.09274542637358614
1980-07-15,0.23941462879500736
1980-08-15,0.09674807223165066
1980-09-15,0.15235057922845427
1980-10-15,0.12672826076048702
1980-11-15,0.19863519245491731
1980-12-15,0.15706168480108607
1981-01-15,0.8745034978535597
1981-02-15,0.6382857887776242
1981-03-15,0.5509139361173035
1981-04-15,0.18197671840714078
1981-05-15,0.43224469768602497
1981-06-15,0.3541373852334734
1981-07-15,0.6435456902548722
1981-08-15,0.7777224448871978
1981-09-15,0.08434531825005659
1981-10-15,0.028402655341096924
1981-11-15,0.284592117848474
1981-12-15,0.3876304858412778
1982-01-15,-0.27389216844069236
1982-02-15,0.0696762954292552
1982-03-15,-0.009506678880395138
1982-04-15,0.10539759400759005
1982-05-15,0.11672125782201435
1982-06-15,-0.17217811510552275
1982-07-15,0.2115586642730466
1982-08-15,-0.23586407239792995
1982-09-15,-0.1900965111684096
1982-10-15,0.041248902449364945
1982-11-15,0.31858752811233665
1982-12-15,0.47887583241395254
1983-01-15,0.5116555517290388
1983-02-15,0.21936439397846383
1983-03-15,0.5757290955502152
1983-04-15,0.220287540977727
1983-05-15,0.355923519258339
1983-06-15,4.156524902413571e-4
1983-07-15,-0.18797910513033844
1983-08-15,0.35701809638637066
1983-09-15,0.5454763573701452
1983-10-15,-0.07094372569840497
1983-11-15,-0.09563064252147328
1983-12-15,-0.005229856222891261
1984-01-15,0.5819923909513589
1984-02-15,0.1725908628710913
1984-03-15,0.33872319839353165
1984-04-15,-0.24596128161256278
1984-05-15,0.5735790656352994
1984-06-15,-0.29343813680629705
1984-07-15,0.49439608797414225
1984-08-15,0.24757873092601745
1984-09-15,0.4701133980134497
1984-10-15,0.17611514454115415
1984-11-15,0.21096036591009867
1984-12-15,0.32018687971772214
1985-01-15,0.4973168039248799
1985-02-15,-0.14250636525213736
1985-03-15,0.24634295814711418
1985-04-15,-0.02326943372399039
1985-05-15,-0.08051867815045405
1985-06-15,0.4456885156511131
1985-07-15,-0.028375014996630553
1985-08-15,0.2593662663550071
1985-09-15,0.1974144799878935
1985-10-15,0.07570417071735239
1985-11-15,-0.08509171537094995
1985-12-15,0.120459480389054
1986-01-15,0.10304005713591922
1986-02-15,0.751081282510205
1986-03-15,0.3799584101754237
1986-04-15,0.17706665441033542
1986-05-15,0.2352078354396459
1986-06-15,-0.19013851200389464
1986-07-15,0.04096598632955578
1986-08-15,0.14792096857673198
1986-09-15,-0.4351108925301525
1986-10-15,-0.00837238422584347
1986-11-15,-0.0058720965123750255
1986-12-15,-0.05166293972949564
1987-01-15,0.37848801085782285
1987-02-15,0.0642160805267823
1987-03-15,0.004112828059253383
1987-04-15,-0.02594385950599986
1987-05-15,0.030250154893240285
1987-06-15,0.45397216528496054
1987-07-15,0.35531382051523136
1987-08-15,-0.1721751886880569
1987-09-15,0.08643483516076267
1987-10-15,0.1342877694865326
1987-11-15,-0.14695224128294745
1987-12-15,0.2099793934836455
1988-01-15,0.45680880507932375
1988-02-15,0.46628809886047995
1988-03-15,0.5597858746596592
1988-04-15,0.3392524975518639
1988-05-15,0.5691070190156209
1988-06-15,0.5194403776840064
1988-07-15,0.340468859606732
1988-08-15,0.7262481836293381
1988-09-15,0.5400920816505922
1988-10-15,0.6029585182191434
1988-11-15,-0.13888547682804506
1988-12-15,0.12098338890420207
1989-01-15,-0.22571748234820954
1989-02-15,0.42245202408742094
1989-03-15,0.4077888763245127
1989-04-15,0.29135307744866473
1989-05-15,-0.10084442836200608
1989-06-15,-0.13670035254997406
1989-07-15,0.5032974753078836
1989-08-15,0.47220774099501805
1989-09-15,0.45409095589463133
1989-10-15,0.1877897464603843
1989-11-15,0.003556626728241259
1989-12-15,0.4459028371861419
1990-01-15,0.5150847236894512
1990-02-15,0.4027575197154572
1990-03-15,1.051155518262061
1990-04-15,0.8563770269778564
1990-05-15,0.48959737549099525
1990-06-15,0.42096605127194353
1990-07-15,0.7141070602727623
1990-08-15,0.19771961238608207
1990-09-15,-0.005286376620780068
1990-10-15,0.3850263005896816
1990-11-15,0.11922493942489142
1990-12-15,0.3131040009925901
1991-01-15,0.41767539376451984
1991-02-15,0.5753256623966007
1991-03-15,0.3590462509004902
1991-04-15,0.4435407879948477
1991-05-15,0.2784113826486786
1991-06-15,0.6708983567055442
1991-07-15,0.6869957330501005
1991-08-15,0.5144640851564956
1991-09-15,0.8744487425980757
1991-10-15,0.21525082088827682
1991-11-15,0.29104877855295735
1991-12-15,0.5108637552521264
1992-01-15,0.43113865025296716
1992-02-15,0.22782057114127444
1992-03-15,0.6685875731384842
1992-04-15,0.17924172564299706
1992-05-15,0.3005044295926893
1992-06-15,0.2280410256759656
1992-07-15,0.06088334871449009
1992-08-15,-0.04043303284648695
1992-09-15,-0.08577496504521163
1992-10-15,0.03198137473347126
1992-11-15,-0.06235253244326538
1992-12-15,0.1351920150505121
1993-01-15,0.2781972981621876
1993-02-15,0.45781948255659377
1993-03-15,0.3525526302174317
1993-04-15,0.25637830526980976
1993-05-15,0.2055229609578763
1993-06-15,0.06420216282342982
1993-07-15,0.36060413246684553
1993-08-15,-0.2193200478848443
1993-09-15,0.048531687504822514
1993-10-15,0.18718582427242964
1993-11-15,0.08326037549747611
1993-12-15,-0.14630374500615073
1994-01-15,0.07479283496870909
1994-02-15,-0.11707783871610807
1994-03-15,0.17871244501028688
1994-04-15,0.5769117700315439
1994-05-15,-0.0387652780315865
1994-06-15,0.6858598454009989
1994-07-15,0.33835203834542604
1994-08-15,0.09997128365810183
1994-09-15,0.3514478541100195
1994-10-15,0.5157701810197749
1994-11-15,0.3535334009314346
1994-12-15,0.3277718543625278
1995-01-15,0.31821352090434585
1995-02-15,0.9844546583469042
1995-03-15,0.48108336387529355
1995-04-15,0.855035911999844
1995-05-15,0.10479684648832563
1995-06-15,0.4840201334240324
1995-07-15,0.5652607837759807
1995-08-15,0.3848570450806709
1995-09-15,0.4080369976138808
1995-10-15,0.5907287928884474
1995-11-15,0.4773116008547162
1995-12-15,0.12919130254958308
1996-01-15,0.2837214462977922
1996-02-15,0.7403177774429627
1996-03-15,0.4724632110986671
1996-04-15,0.728637565514865
1996-05-15,0.03551390715181786
1996-06-15,0.09414211336457817
1996-07-15,0.5496881934851549
1996-08-15,0.9310224136775529
1996-09-15,0.38010635439652796
1996-10-15,0.07089169811968214
1996-11-15,0.9231540674162126
1996-12-15,0.47235024006871557
1997-01-15,0.13554917320588633
1997-02-15,0.23555582507991507
1997-03-15,0.7484231505356245
1997-04-15,0.42070374477817635
1997-05-15,0.25119843120681457
1997-06-15,0.6535810160111911
1997-07-15,-0.06357641343809373
1997-08-15,0.160363587344563
1997-09-15,0.35424542844108725
1997-10-15,0.6044186493208862
1997-11-15,0.9111519756359151
1997-12-15,0.5227028593386646
1998-01-15,0.4880143713373946
1998-02-15,0.7630783803718395
1998-03-15,0.7900302703869408
1998-04-15,0.3038421441192664
1998-05-15,0.5903244486204692
1998-06-15,1.078174105254164
1998-07-15,0.6556505058861822
1998-08-15,0.6137011227882683
1998-09-15,0.2437116893618749
1998-10-15,0.21756659926458716
1998-11-15,0.6646197914551176
1998-12-15,0.4976913384428984
1999-01-15,0.44167874531957707
1999-02-15,0.5131018804565912
1999-03-15,0.3434039977638081
1999-04-15,0.003704621401521927
1999-05-15,0.04891246245905074
1999-06-15,0.3066103640731018
1999-07-15,0.39588330357289936
1999-08-15,0.27701187835838675
1999-09-15,0.5004210348213893
1999-10-15,0.40153608063544033
1999-11-15,0.6026173264071358
1999-12-15,0.18053420927649488
2000-01-15,0.06495877868814369
2000-02-15,0.6178873362571518
2000-03-15,0.7592335100417998
2000-04-15,0.4197509508458117
2000-05-15,0.20240957423378084
2000-06-15,0.5168892919292108
2000-07-15,0.5127760000091696
2000-08-15,0.43529473237106625
2000-09-15,0.32348611000178273
2000-10-15,0.23931255366888893
2000-11-15,0.5938907631191144
2000-12-15,0.3241108950111959
2001-01-15,0.5344539321378976
2001-02-15,0.5733566521993461
2001-03-15,0.3779613489955516
2001-04-15,0.34783732472756695
2001-05-15,0.4766882767344842
2001-06-15,0.6014261453110654
2001-07-15,0.6976900722347714
2001-08-15,0.14605416628234613
2001-09-15,0.64472463786444
2001-10-15,0.42731733989179393
2001-11-15,0.9543106704933931
2001-12-15,0.8832103285423486
2002-01-15,0.8363629368724812
2002-02-15,0.5176944879330861
2002-03-15,1.2053380954266886
2002-04-15,0.5422979000008535
2002-05-15,0.8340750717897992
2002-06-15,0.3593455466198185
2002-07-15,0.6709949661815163
2002-08-15,0.6115389796069762
2002-09-15,0.9551110617908825
2002-10-15,0.9052627070957364
2002-11-15,0.6645037587320888
2002-12-15,0.571265960671451
2003-01-15,0.9532116347529634
2003-02-15,0.5399188432341526
2003-03-15,0.613165703411349
2003-04-15,0.5390869309233566
2003-05-15,0.6194848308584365
2003-06-15,0.25955275581735904
2003-07-15,0.6488318550081426
2003-08-15,0.7298994369626707
2003-09-15,0.7049628352691715
2003-10-15,0.8670072201550297
2003-11-15,0.4331440154757093
2003-12-15,0.9638828105357403
2004-01-15,0.500239629357964
2004-02-15,0.6873798161522163
2004-03-15,0.34726838460851883
2004-04-15,0.6853206453238341
2004-05-15,0.16394335960903336
2004-06-15,0.3657235731305777
2004-07-15,-0.32502133075453665
2004-08-15,0.2719287045524597
2004-09-15,0.41399860561765583
2004-10-15,0.5542990118471526
2004-11-15,0.6353079590961451
2004-12-15,0.5309429705886399
2005-01-15,1.104617424136636
2005-02-15,0.9801579315109895
2005-03-15,0.893379345897157
2005-04-15,0.6076372565958741
2005-05-15,0.7430896678112574
2005-06-15,0.6481628678543334
2005-07-15,0.5623161731276152
2005-08-15,0.5159027095143616
2005-09-15,1.0289283910292344
2005-10-15,1.0017726791378028
2005-11-15,0.8834169613861672
2005-12-15,1.2332804785728448
2006-01-15,0.8660320535242422
2006-02-15,0.9000978490586481
2006-03-15,0.7651424153971146
2006-04-15,0.4475306849174455
2006-05-15,0.451423215555408
2006-06-15,0.7222680186430125
2006-07-15,0.22965495095213165
2006-08-15,0.940177192584346
2006-09-15,0.8441909308445003
2006-10-15,0.7373784058210957
2006-11-15,1.0895889054889831
2006-12-15,0.8995099730454963
2007-01-15,1.3501505927685369
2007-02-15,0.8137949614071486
2007-03-15,0.9405025132839777
2007-04-15,1.102020171130536
2007-05-15,0.9295328866111997
2007-06-15,0.8914927679372989
2007-07-15,0.8665064927527159
2007-08-15,0.7809556629437809
2007-09-15,0.754356456170476
2007-10-15,0.773640408105813
2007-11-15,0.9223945567552743
2007-12-15,0.7215789640096759
2008-01-15,0.45039111371652313
2008-02-15,0.5809576969193688
2008-03-15,0.8055723642415508
2008-04-15,0.7535187540657329
2008-05-15,0.5400297627572582
2008-06-15,0.5052667679645547
2008-07-15,0.7249403853019655
2008-08-15,0.2998900203188673
2008-09-15,1.0404720014147941
2008-10-15,0.8407481997351287
2008-11-15,0.9014730853668425
2008-12-15,0.7451285556631161
2009-01-15,0.9790683472972981
2009-02-15,0.36304191101484784
2009-03-15,0.5073816180323597
2009-04-15,0.5206132952646372
2009-05-15,0.8674269392368921
2009-06-15,0.6488292568230766
2009-07-15,1.0070056483335712
2009-08-15,0.5948607857050734
2009-09-15,0.8782551691666661
2009-10-15,0.8614939174862027
2009-11-15,1.2102182119432252
2009-12-15,1.0197503040855787
2010-01-15,0.9471400023839764
2010-02-15,1.102540472450401
2010-03-15,1.2153801187112538
2010-04-15,1.0014781091974274
2010-05-15,0.9553792975464208
2010-06-15,0.5145355517919472
2010-07-15,0.4960397471229047
2010-08-15,0.7474899957766907
2010-09-15,0.711899834050289
2010-10-15,1.0514603415893022
2010-11-15,1.1160749516236022
2010-12-15,0.6830190993588234
2011-01-15,0.9302483566411777
2011-02-15,0.8285767095619739
2011-03-15,1.1222616883534982
2011-04-15,0.7451214057216478
2011-05-15,0.6057874686257133
2011-06-15,0.7257031670670092
2011-07-15,1.0755595744537234
2011-08-15,1.178365142200812
2011-09-15,0.6531945340371234
2011-10-15,1.0447593215659237
2011-11-15,1.1100339374529584
2011-12-15,1.039233621631131
2012-01-15,0.8554329443705645
2012-02-15,1.0042382612186667
2012-03-15,0.8907343106629185
2012-04-15,0.8241240058638679
2012-05-15,0.9526480774598348
2012-06-15,0.591926746281965
2012-07-15,0.5149473306723694
2012-08-15,0.5762808859955226
2012-09-15,0.8950012303077413
2012-10-15,1.1838005109392336
2012-11-15,1.224994037715769
2012-12-15,1.0368519785679051
2013-01-15,1.0784522166434898
2013-02-15,0.41764188506339345
2013-03-15,0.9559834129255901
2013-04-15,0.5621855902095412
2013-05-15,0.45561688703098174
2013-06-15,0.8318745151042403
2013-07-15,0.5620994452786855
2013-08-15,0.9229799328669311
2013-09-15,1.2633731341011027
2013-10-15,0.8927640755571065
2013-11-15,1.153487823283571
2013-12-15,0.9716163159951537
2014-01-15,0.9940946904809274
2014-02-15,0.8767898901338864
2014-03-15,1.020472841574385
2014-04-15,0.847670034330263
2014-05-15,1.1715563288784971
2014-06-15,0.5366451011609784
2014-07-15,0.32180843052123537
2014-08-15,1.0094919260068118
2014-09-15,1.2890681544256284
2014-10-15,1.024559122259601
2014-11-15,0.7556326336224101
2014-12-15,0.9569410159060128
2015-01-15,0.9351155806605533
2015-02-15,1.0495263769369536
2015-03-15,1.2033223862573135
2015-04-15,0.8710264952132357
2015-05-15,0.5675646545182088
2015-06-15,0.6615580553448328
2015-07-15,0.45293449476800496
2015-08-15,0.5897172152832123
2015-09-15,0.6834002097810787
2015-10-15,1.3676910273563614
2015-11-15,1.336442013595592
2015-12-15,1.1348384031257612
2016-01-15,1.535143460387173
2016-02-15,1.6500444790083308
2016-03-15,1.6325429230845523
2016-04-15,1.1498029726891954
2016-05-15,1.0969201417247125
2016-06-15,0.593607298345869
2016-07-15,0.7507895388987352
2016-08-15,1.2689720100833999
2016-09-15,1.022757304806613
2016-10-15,1.355410205285049
2016-11-15,1.6665506747157142
2016-12-15,1.2387516067056166
2017-01-15,1.3425723371888387
2017-02-15,1.5248243754637036
2017-03-15,1.5903133530060807
2017-04-15,1.069166746019247
2017-05-15,1.0009651782966178
2017-06-15,0.45786432699547946
2017-07-15,0.6756184805677222
2017-08-15,0.8503576588956465
2017-09-15,0.6499218409369805
2017-10-15,1.2133297641038687
2017-11-15,1.2654682043627972
2017-12-15,1.3331535720944787
2018-01-15,1.1233762843184636
2018-02-15,1.341656332074213
2018-03-15,1.0977704044405427
2018-04-15,1.0015728929891385
2018-05-15,0.8345232739466655
2018-06-15,0.8467066460833356
2018-07-15,0.8384320869491191
2018-08-15,0.8822627767842594
2018-09-15,0.7837127856834539
2018-10-15,1.5590936018561297
2018-11-15,1.0382888504102274
2018-12-15,1.2725683047854435
2019-01-15,0.8595438470050941
2019-02-15,1.2728372412419684
2019-03-15,1.578421277613588
2019-04-15,1.1578019813073308
2019-05-15,0.972622644347901
2019-06-15,0.8269787075668416
2019-07-15,1.0490128761601378
2019-08-15,1.0503738841377943
2019-09-15,1.0984733437892924
2019-10-15,1.43517248948659
2019-11-15,1.2827412720094498
2019-12-15,1.3237986130855968
2020-01-15,1.1386301115359345
2020-02-15,1.4610188865968048
2020-03-15,1.2300698204474456
2020-04-15,1.6486488294613117
2020-05-15,1.310869643796982
2020-06-15,1.0556901032376078
2020-07-15,0.9691574532550724
2020-08-15,0.8399381834731092
2020-09-15,1.2452825428084262
2020-10-15,1.2146505541731094
2020-11-15,1.7571930637411035
2020-12-15,1.1394151828524441
2021-01-15,1.1319552161593704
2021-02-15,0.7600074023274604
2021-03-15,1.091534775948445
2021-04-15,0.7852360126803009
2021-05-15,0.8369604676146637
2021-06-15,0.721577327815782
2021-07-15,1.0021037976298999
2021-08-15,0.602597989027764
2021-09-15,1.1336590144206857
2021-10-15,1.3624321485696456
2021-11-15,1.0853070289057376
2021-12-15,0.9597651899818411
2022-01-15,1.1144421315859712
